group,backbone,head,cell,subject,tail,last,kappa_tail,kappa_last
base,mesae_tiny_static16_base_s1,frozen_learned,BNCI2014001_fewshot,1,0.5514999999999999,0.555,0.40199999999999997,0.4066666666666666
base,mesae_tiny_static16_base_s1,frozen_learned,BNCI2014001_fewshot,2,0.374,0.37,0.16533333333333333,0.16000000000000003
base,mesae_tiny_static16_base_s1,frozen_learned,BNCI2014001_fewshot,3,0.5614999999999999,0.5900000000000001,0.41533333333333333,0.45333333333333337
base,mesae_tiny_static16_base_s1,frozen_learned,BNCI2014001_fewshot,4,0.2935,0.305,0.05800000000000001,0.07333333333333336
base,mesae_tiny_static16_base_s1,frozen_learned,BNCI2014001_fewshot,5,0.37000000000000005,0.39,0.16,0.18666666666666665
base,mesae_tiny_static16_base_s1,frozen_learned,BNCI2014001_fewshot,6,0.314,0.36500000000000005,0.08533333333333334,0.15333333333333332
base,mesae_tiny_static16_base_s1,frozen_learned,BNCI2014001_fewshot,7,0.41600000000000004,0.395,0.22133333333333333,0.19333333333333336
base,mesae_tiny_static16_base_s1,frozen_learned,BNCI2014001_fewshot,8,0.5775,0.5599999999999999,0.4366666666666667,0.41333333333333333
base,mesae_tiny_static16_base_s1,frozen_learned,BNCI2014001_fewshot,9,0.49449999999999994,0.495,0.326,0.32666666666666666
base,mesae_tiny_static16_base_s1,frozen_learned,BNCI2014001_loso,1,0.5291666666666666,0.5208333333333333,0.37222222222222223,0.36111111111111116
base,mesae_tiny_static16_base_s1,frozen_learned,BNCI2014001_loso,2,0.30937499999999996,0.3229166666666667,0.07916666666666666,0.09722222222222221
base,mesae_tiny_static16_base_s1,frozen_learned,BNCI2014001_loso,3,0.5319444444444444,0.4756944444444444,0.3759259259259259,0.30092592592592593
base,mesae_tiny_static16_base_s1,frozen_learned,BNCI2014001_loso,4,0.31875,0.3402777777777778,0.09166666666666666,0.12037037037037035
base,mesae_tiny_static16_base_s1,frozen_learned,BNCI2014001_loso,5,0.28263888888888883,0.26736111111111105,0.043518518518518526,0.02314814814814814
base,mesae_tiny_static16_base_s1,frozen_learned,BNCI2014001_loso,6,0.2836805555555555,0.2743055555555555,0.04490740740740741,0.03240740740740744
base,mesae_tiny_static16_base_s1,frozen_learned,BNCI2014001_loso,7,0.2760416666666667,0.2881944444444444,0.03472222222222223,0.05092592592592593
base,mesae_tiny_static16_base_s1,frozen_learned,BNCI2014001_loso,8,0.5736111111111112,0.5590277777777778,0.43148148148148147,0.4120370370370371
base,mesae_tiny_static16_base_s1,frozen_learned,BNCI2014001_loso,9,0.5104166666666666,0.48958333333333337,0.3472222222222222,0.3194444444444444
base,mesae_tiny_static16_base_s1,frozen_learned,BNCI2014004_fewshot,1,0.625,0.6309523809523809,0.25,0.26190476190476186
base,mesae_tiny_static16_base_s1,frozen_learned,BNCI2014004_fewshot,2,0.5119047619047619,0.5119047619047619,0.023809523809523836,0.023809523809523836
base,mesae_tiny_static16_base_s1,frozen_learned,BNCI2014004_fewshot,3,0.42499999999999993,0.42857142857142855,-0.15000000000000002,-0.1428571428571428
base,mesae_tiny_static16_base_s1,frozen_learned,BNCI2014004_fewshot,4,0.7476190476190476,0.75,0.49523809523809514,0.5
base,mesae_tiny_static16_base_s1,frozen_learned,BNCI2014004_fewshot,5,0.6821428571428572,0.6785714285714286,0.36428571428571427,0.3571428571428571
base,mesae_tiny_static16_base_s1,frozen_learned,BNCI2014004_fewshot,6,0.5678571428571428,0.5952380952380952,0.13571428571428573,0.19047619047619047
base,mesae_tiny_static16_base_s1,frozen_learned,BNCI2014004_fewshot,7,0.4904761904761905,0.4880952380952381,-0.01904761904761898,-0.023809523809523725
base,mesae_tiny_static16_base_s1,frozen_learned,BNCI2014004_fewshot,8,0.5830357142857142,0.6071428571428572,0.16607142857142856,0.2142857142857143
base,mesae_tiny_static16_base_s1,frozen_learned,BNCI2014004_fewshot,9,0.5119047619047619,0.5238095238095237,0.023809523809523836,0.04761904761904767
base,mesae_tiny_static16_base_s1,frozen_learned,BNCI2014004_loso,1,0.5825,0.5833333333333334,0.16499999999999998,0.16666666666666663
base,mesae_tiny_static16_base_s1,frozen_learned,BNCI2014004_loso,2,0.5266666666666667,0.5583333333333333,0.053333333333333344,0.1166666666666667
base,mesae_tiny_static16_base_s1,frozen_learned,BNCI2014004_loso,3,0.4758333333333333,0.47500000000000003,-0.04833333333333338,-0.050000000000000044
base,mesae_tiny_static16_base_s1,frozen_learned,BNCI2014004_loso,4,0.5391666666666668,0.5416666666666666,0.07833333333333337,0.08333333333333337
base,mesae_tiny_static16_base_s1,frozen_learned,BNCI2014004_loso,5,0.5583333333333333,0.5583333333333333,0.11666666666666667,0.1166666666666667
base,mesae_tiny_static16_base_s1,frozen_learned,BNCI2014004_loso,6,0.55,0.55,0.1,0.09999999999999998
base,mesae_tiny_static16_base_s1,frozen_learned,BNCI2014004_loso,7,0.5,0.5166666666666666,1.1102230246251566e-17,0.033333333333333326
base,mesae_tiny_static16_base_s1,frozen_learned,BNCI2014004_loso,8,0.5818749999999999,0.56875,0.16375,0.13749999999999996
base,mesae_tiny_static16_base_s1,frozen_learned,BNCI2014004_loso,9,0.6208333333333333,0.6083333333333334,0.2416666666666667,0.21666666666666667
base,mesae_tiny_static16_base_s1,frozen_learned,BNCI2014008_fewshot,1,0.6593709982747417,0.665220276182843,0.24326574747790483,0.2546475365018934
base,mesae_tiny_static16_base_s1,frozen_learned,BNCI2014008_fewshot,2,0.6256881072389093,0.6218305830605295,0.1840701689681404,0.16778966654515948
base,mesae_tiny_static16_base_s1,frozen_learned,BNCI2014008_fewshot,3,0.7254148655218173,0.7410442209907451,0.387546702564504,0.40290947731996796
base,mesae_tiny_static16_base_s1,frozen_learned,BNCI2014008_fewshot,4,0.5230229518999572,0.5246809484777399,0.04067129435590838,0.04101481637619797
base,mesae_tiny_static16_base_s1,frozen_learned,BNCI2014008_fewshot,5,0.5778633781307578,0.575703419286307,0.1489896515131973,0.140256766097269
base,mesae_tiny_static16_base_s1,frozen_learned,BNCI2014008_fewshot,6,0.6990625287416731,0.7041490089618432,0.3951713750740063,0.4096005077713194
base,mesae_tiny_static16_base_s1,frozen_learned,BNCI2014008_fewshot,7,0.6288620217764603,0.6395948321082011,0.3198077886331723,0.334246384724867
base,mesae_tiny_static16_base_s1,frozen_learned,BNCI2014008_fewshot,8,0.7731794076713864,0.7818935292197324,0.5180076462623875,0.5170891306352927
base,mesae_tiny_static16_base_s1,frozen_learned,BNCI2014008_loso,1,0.6308857142857144,0.642,0.2688277183388098,0.27128820960698685
base,mesae_tiny_static16_base_s1,frozen_learned,BNCI2014008_loso,2,0.6577142857142857,0.672,0.260494147648061,0.2644991212653778
base,mesae_tiny_static16_base_s1,frozen_learned,BNCI2014008_loso,3,0.7552999999999999,0.7602857142857142,0.37705101075288855,0.3811715481171549
base,mesae_tiny_static16_base_s1,frozen_learned,BNCI2014008_loso,4,0.6818571428571429,0.6882857142857143,0.27592667633119,0.2835628227194493
base,mesae_tiny_static16_base_s1,frozen_learned,BNCI2014008_loso,5,0.7098285714285714,0.725,0.31830467689249553,0.31895504252733897
base,mesae_tiny_static16_base_s1,frozen_learned,BNCI2014008_loso,6,0.6873857142857143,0.7037142857142857,0.3183343729267488,0.3363207547169811
base,mesae_tiny_static16_base_s1,frozen_learned,BNCI2014008_loso,7,0.6936142857142856,0.6914285714285714,0.38096863261842984,0.3571428571428572
base,mesae_tiny_static16_base_s1,frozen_learned,BNCI2014008_loso,8,0.7173285714285714,0.6950000000000001,0.3373271762387796,0.2966101694915254
A,mesae_tiny_static16_groupA_s1,frozen_learned,BNCI2014001_fewshot,1,0.499,0.505,0.33199999999999996,0.33999999999999997
A,mesae_tiny_static16_groupA_s1,frozen_learned,BNCI2014001_fewshot,2,0.41200000000000003,0.41500000000000004,0.21600000000000003,0.21999999999999997
A,mesae_tiny_static16_groupA_s1,frozen_learned,BNCI2014001_fewshot,3,0.598,0.6300000000000001,0.46399999999999997,0.5066666666666666
A,mesae_tiny_static16_groupA_s1,frozen_learned,BNCI2014001_fewshot,4,0.323,0.34,0.09733333333333333,0.12
A,mesae_tiny_static16_groupA_s1,frozen_learned,BNCI2014001_fewshot,5,0.33599999999999997,0.365,0.11466666666666665,0.15333333333333332
A,mesae_tiny_static16_groupA_s1,frozen_learned,BNCI2014001_fewshot,6,0.3235,0.375,0.098,0.16666666666666663
A,mesae_tiny_static16_groupA_s1,frozen_learned,BNCI2014001_fewshot,7,0.513,0.515,0.35066666666666674,0.3533333333333334
A,mesae_tiny_static16_groupA_s1,frozen_learned,BNCI2014001_fewshot,8,0.5105000000000001,0.58,0.3473333333333334,0.43999999999999995
A,mesae_tiny_static16_groupA_s1,frozen_learned,BNCI2014001_fewshot,9,0.526,0.515,0.368,0.3533333333333334
A,mesae_tiny_static16_groupA_s1,frozen_learned,BNCI2014001_loso,1,0.48923611111111115,0.49652777777777773,0.3189814814814815,0.3287037037037037
A,mesae_tiny_static16_groupA_s1,frozen_learned,BNCI2014001_loso,2,0.31666666666666665,0.32638888888888884,0.08888888888888888,0.10185185185185186
A,mesae_tiny_static16_groupA_s1,frozen_learned,BNCI2014001_loso,3,0.4222222222222222,0.3958333333333333,0.22962962962962957,0.19444444444444442
A,mesae_tiny_static16_groupA_s1,frozen_learned,BNCI2014001_loso,4,0.37812500000000004,0.3923611111111111,0.1708333333333333,0.18981481481481477
A,mesae_tiny_static16_groupA_s1,frozen_learned,BNCI2014001_loso,5,0.31909722222222225,0.3194444444444444,0.09212962962962963,0.09259259259259256
A,mesae_tiny_static16_groupA_s1,frozen_learned,BNCI2014001_loso,6,0.35833333333333334,0.36111111111111116,0.1444444444444445,0.14814814814814814
A,mesae_tiny_static16_groupA_s1,frozen_learned,BNCI2014001_loso,7,0.3069444444444444,0.3055555555555555,0.07592592592592594,0.07407407407407407
A,mesae_tiny_static16_groupA_s1,frozen_learned,BNCI2014001_loso,8,0.5,0.48263888888888884,0.3333333333333333,0.31018518518518523
A,mesae_tiny_static16_groupA_s1,frozen_learned,BNCI2014001_loso,9,0.5131944444444445,0.5069444444444444,0.350925925925926,0.34259259259259256
A,mesae_tiny_static16_groupA_s1,frozen_learned,BNCI2014004_fewshot,1,0.7023809523809523,0.7023809523809523,0.40476190476190477,0.40476190476190477
A,mesae_tiny_static16_groupA_s1,frozen_learned,BNCI2014004_fewshot,2,0.5011904761904762,0.5,0.0023809523809523946,0.0
A,mesae_tiny_static16_groupA_s1,frozen_learned,BNCI2014004_fewshot,3,0.5166666666666666,0.5357142857142857,0.03333333333333336,0.0714285714285714
A,mesae_tiny_static16_groupA_s1,frozen_learned,BNCI2014004_fewshot,4,0.7238095238095238,0.75,0.44761904761904764,0.5
A,mesae_tiny_static16_groupA_s1,frozen_learned,BNCI2014004_fewshot,5,0.5607142857142857,0.5595238095238095,0.12142857142857144,0.11904761904761907
A,mesae_tiny_static16_groupA_s1,frozen_learned,BNCI2014004_fewshot,6,0.5345238095238095,0.5357142857142858,0.06904761904761902,0.0714285714285714
A,mesae_tiny_static16_groupA_s1,frozen_learned,BNCI2014004_fewshot,7,0.4642857142857143,0.4642857142857143,-0.0714285714285714,-0.0714285714285714
A,mesae_tiny_static16_groupA_s1,frozen_learned,BNCI2014004_fewshot,8,0.6214285714285714,0.6160714285714286,0.24285714285714283,0.2321428571428571
A,mesae_tiny_static16_groupA_s1,frozen_learned,BNCI2014004_fewshot,9,0.513095238095238,0.5119047619047619,0.02619047619047622,0.023809523809523836
A,mesae_tiny_static16_groupA_s1,frozen_learned,BNCI2014004_loso,1,0.6033333333333333,0.6083333333333334,0.20666666666666664,0.21666666666666667
A,mesae_tiny_static16_groupA_s1,frozen_learned,BNCI2014004_loso,2,0.4925,0.48333333333333334,-0.015000000000000003,-0.03333333333333344
A,mesae_tiny_static16_groupA_s1,frozen_learned,BNCI2014004_loso,3,0.495,0.5,-0.010000000000000009,0.0
A,mesae_tiny_static16_groupA_s1,frozen_learned,BNCI2014004_loso,4,0.5241666666666667,0.525,0.048333333333333374,0.050000000000000044
A,mesae_tiny_static16_groupA_s1,frozen_learned,BNCI2014004_loso,5,0.5191666666666668,0.5416666666666666,0.03833333333333335,0.08333333333333337
A,mesae_tiny_static16_groupA_s1,frozen_learned,BNCI2014004_loso,6,0.5841666666666667,0.6000000000000001,0.16833333333333333,0.19999999999999996
A,mesae_tiny_static16_groupA_s1,frozen_learned,BNCI2014004_loso,7,0.5416666666666667,0.55,0.08333333333333334,0.09999999999999998
A,mesae_tiny_static16_groupA_s1,frozen_learned,BNCI2014004_loso,8,0.5393749999999999,0.54375,0.07875000000000001,0.08750000000000002
A,mesae_tiny_static16_groupA_s1,frozen_learned,BNCI2014004_loso,9,0.6050000000000001,0.6000000000000001,0.21000000000000002,0.19999999999999996
A,mesae_tiny_static16_groupA_s1,frozen_learned,BNCI2014008_fewshot,1,0.7028777805515775,0.7019373530068718,0.3259082687707659,0.3343428729563517
A,mesae_tiny_static16_groupA_s1,frozen_learned,BNCI2014008_fewshot,2,0.6211217312821591,0.627549860170181,0.18569822467147729,0.18287453187760672
A,mesae_tiny_static16_groupA_s1,frozen_learned,BNCI2014008_fewshot,3,0.718531266392229,0.7267365529397615,0.3753851173304671,0.3789939690684313
A,mesae_tiny_static16_groupA_s1,frozen_learned,BNCI2014008_fewshot,4,0.5222118682011729,0.5232520767280125,0.03944704115974392,0.03774280597485069
A,mesae_tiny_static16_groupA_s1,frozen_learned,BNCI2014008_fewshot,5,0.698646147175559,0.7044873395140775,0.33104278292011896,0.3134783087828721
A,mesae_tiny_static16_groupA_s1,frozen_learned,BNCI2014008_fewshot,6,0.707347079138523,0.7165545467684504,0.39983369063474217,0.40074139760649585
A,mesae_tiny_static16_groupA_s1,frozen_learned,BNCI2014008_fewshot,7,0.624473402013509,0.6395945794341517,0.314836853635875,0.33577975015977013
A,mesae_tiny_static16_groupA_s1,frozen_learned,BNCI2014008_fewshot,8,0.7711934654448024,0.785711434107156,0.5053536458160731,0.5063704322023993
A,mesae_tiny_static16_groupA_s1,frozen_learned,BNCI2014008_loso,1,0.6817142857142857,0.6912857142857143,0.2859203799854066,0.27768560763168815
A,mesae_tiny_static16_groupA_s1,frozen_learned,BNCI2014008_loso,2,0.6395571428571429,0.638,0.27918497093156747,0.27380952380952384
A,mesae_tiny_static16_groupA_s1,frozen_learned,BNCI2014008_loso,3,0.7655714285714286,0.7725714285714286,0.39542796648670503,0.39949748743718594
A,mesae_tiny_static16_groupA_s1,frozen_learned,BNCI2014008_loso,4,0.6868285714285715,0.6935714285714286,0.28737968399626157,0.3025904421616794
A,mesae_tiny_static16_groupA_s1,frozen_learned,BNCI2014008_loso,5,0.7199142857142857,0.7181428571428572,0.3204382314153783,0.3047904191616766
A,mesae_tiny_static16_groupA_s1,frozen_learned,BNCI2014008_loso,6,0.6933571428571429,0.6974285714285715,0.3352006849469747,0.3514750762970499
A,mesae_tiny_static16_groupA_s1,frozen_learned,BNCI2014008_loso,7,0.7017285714285715,0.7010000000000001,0.37911264384763993,0.3602150537634409
A,mesae_tiny_static16_groupA_s1,frozen_learned,BNCI2014008_loso,8,0.7157428571428572,0.6891428571428572,0.3404135837301179,0.30283623055809694
B,mesae_tiny_static16_groupB_s1,frozen_learned,BNCI2014001_fewshot,1,0.5095,0.545,0.346,0.3933333333333333
B,mesae_tiny_static16_groupB_s1,frozen_learned,BNCI2014001_fewshot,2,0.388,0.40499999999999997,0.184,0.20666666666666667
B,mesae_tiny_static16_groupB_s1,frozen_learned,BNCI2014001_fewshot,3,0.5514999999999999,0.565,0.40199999999999997,0.42000000000000004
B,mesae_tiny_static16_groupB_s1,frozen_learned,BNCI2014001_fewshot,4,0.3155,0.32,0.08733333333333335,0.09333333333333338
B,mesae_tiny_static16_groupB_s1,frozen_learned,BNCI2014001_fewshot,5,0.3565,0.36000000000000004,0.142,0.1466666666666666
B,mesae_tiny_static16_groupB_s1,frozen_learned,BNCI2014001_fewshot,6,0.28850000000000003,0.29500000000000004,0.05133333333333333,0.06000000000000005
B,mesae_tiny_static16_groupB_s1,frozen_learned,BNCI2014001_fewshot,7,0.43450000000000005,0.425,0.246,0.23333333333333328
B,mesae_tiny_static16_groupB_s1,frozen_learned,BNCI2014001_fewshot,8,0.5475,0.565,0.39666666666666667,0.42000000000000004
B,mesae_tiny_static16_groupB_s1,frozen_learned,BNCI2014001_fewshot,9,0.48900000000000005,0.495,0.3186666666666667,0.32666666666666666
B,mesae_tiny_static16_groupB_s1,frozen_learned,BNCI2014001_loso,1,0.49097222222222214,0.4583333333333333,0.3212962962962963,0.2777777777777778
B,mesae_tiny_static16_groupB_s1,frozen_learned,BNCI2014001_loso,2,0.3065972222222222,0.3263888888888889,0.07546296296296295,0.10185185185185186
B,mesae_tiny_static16_groupB_s1,frozen_learned,BNCI2014001_loso,3,0.4170138888888889,0.41666666666666663,0.2226851851851852,0.2222222222222222
B,mesae_tiny_static16_groupB_s1,frozen_learned,BNCI2014001_loso,4,0.3642361111111111,0.37847222222222227,0.15231481481481485,0.17129629629629628
B,mesae_tiny_static16_groupB_s1,frozen_learned,BNCI2014001_loso,5,0.2864583333333333,0.2881944444444444,0.04861111111111112,0.05092592592592593
B,mesae_tiny_static16_groupB_s1,frozen_learned,BNCI2014001_loso,6,0.365625,0.35416666666666663,0.15416666666666665,0.13888888888888884
B,mesae_tiny_static16_groupB_s1,frozen_learned,BNCI2014001_loso,7,0.24618055555555554,0.2569444444444444,-0.005092592592592582,0.0092592592592593
B,mesae_tiny_static16_groupB_s1,frozen_learned,BNCI2014001_loso,8,0.5149305555555556,0.5243055555555556,0.35324074074074074,0.3657407407407407
B,mesae_tiny_static16_groupB_s1,frozen_learned,BNCI2014001_loso,9,0.47847222222222213,0.4548611111111111,0.3046296296296297,0.27314814814814814
B,mesae_tiny_static16_groupB_s1,frozen_learned,BNCI2014004_fewshot,1,0.7071428571428571,0.7023809523809523,0.4142857142857143,0.40476190476190477
B,mesae_tiny_static16_groupB_s1,frozen_learned,BNCI2014004_fewshot,2,0.5011904761904762,0.4880952380952381,0.002380952380952428,-0.023809523809523725
B,mesae_tiny_static16_groupB_s1,frozen_learned,BNCI2014004_fewshot,3,0.37976190476190474,0.39285714285714285,-0.2404761904761905,-0.2142857142857142
B,mesae_tiny_static16_groupB_s1,frozen_learned,BNCI2014004_fewshot,4,0.7404761904761905,0.7738095238095237,0.4809523809523809,0.5476190476190477
B,mesae_tiny_static16_groupB_s1,frozen_learned,BNCI2014004_fewshot,5,0.7,0.7023809523809523,0.4,0.40476190476190477
B,mesae_tiny_static16_groupB_s1,frozen_learned,BNCI2014004_fewshot,6,0.48809523809523814,0.5,-0.02380952380952377,0.0
B,mesae_tiny_static16_groupB_s1,frozen_learned,BNCI2014004_fewshot,7,0.4845238095238096,0.47619047619047616,-0.030952380952380933,-0.04761904761904767
B,mesae_tiny_static16_groupB_s1,frozen_learned,BNCI2014004_fewshot,8,0.55625,0.5714285714285714,0.1125,0.1428571428571429
B,mesae_tiny_static16_groupB_s1,frozen_learned,BNCI2014004_fewshot,9,0.5619047619047619,0.5833333333333333,0.12380952380952381,0.16666666666666663
B,mesae_tiny_static16_groupB_s1,frozen_learned,BNCI2014004_loso,1,0.6083333333333334,0.6000000000000001,0.21666666666666662,0.19999999999999996
B,mesae_tiny_static16_groupB_s1,frozen_learned,BNCI2014004_loso,2,0.4966666666666667,0.5,-0.006666666666666665,0.0
B,mesae_tiny_static16_groupB_s1,frozen_learned,BNCI2014004_loso,3,0.515,0.5083333333333333,0.030000000000000027,0.01666666666666672
B,mesae_tiny_static16_groupB_s1,frozen_learned,BNCI2014004_loso,4,0.5808333333333333,0.5833333333333334,0.16166666666666663,0.16666666666666663
B,mesae_tiny_static16_groupB_s1,frozen_learned,BNCI2014004_loso,5,0.5508333333333334,0.5583333333333333,0.10166666666666666,0.1166666666666667
B,mesae_tiny_static16_groupB_s1,frozen_learned,BNCI2014004_loso,6,0.5574999999999999,0.55,0.11499999999999999,0.09999999999999998
B,mesae_tiny_static16_groupB_s1,frozen_learned,BNCI2014004_loso,7,0.5091666666666667,0.5166666666666667,0.018333333333333333,0.033333333333333326
B,mesae_tiny_static16_groupB_s1,frozen_learned,BNCI2014004_loso,8,0.5737500000000001,0.575,0.14750000000000002,0.15000000000000002
B,mesae_tiny_static16_groupB_s1,frozen_learned,BNCI2014004_loso,9,0.5916666666666667,0.5916666666666667,0.18333333333333332,0.18333333333333335
B,mesae_tiny_static16_groupB_s1,frozen_learned,BNCI2014008_fewshot,1,0.6962179495601956,0.698600286835581,0.3107727298711548,0.32320240931553756
B,mesae_tiny_static16_groupB_s1,frozen_learned,BNCI2014008_fewshot,2,0.6117575804741581,0.6183295314311357,0.17166895302826218,0.16934605941679615
B,mesae_tiny_static16_groupB_s1,frozen_learned,BNCI2014008_fewshot,3,0.7164976951073208,0.730555468523383,0.36727527792795256,0.3689063482633087
B,mesae_tiny_static16_groupB_s1,frozen_learned,BNCI2014008_fewshot,4,0.5451382480794245,0.5501199191038764,0.07755279479008623,0.08015491277064579
B,mesae_tiny_static16_groupB_s1,frozen_learned,BNCI2014008_fewshot,5,0.6817756062408469,0.7048054561423546,0.31631710064158763,0.31335496587433476
B,mesae_tiny_static16_groupB_s1,frozen_learned,BNCI2014008_fewshot,6,0.7035769549138533,0.7159170501416491,0.40669421239501047,0.40870071150812315
B,mesae_tiny_static16_groupB_s1,frozen_learned,BNCI2014008_fewshot,7,0.6048062899667178,0.6257624439442622,0.2753381432776356,0.31034149498597396
B,mesae_tiny_static16_groupB_s1,frozen_learned,BNCI2014008_fewshot,8,0.780782774098282,0.7882543457409767,0.5010641653245566,0.5155259013563558
B,mesae_tiny_static16_groupB_s1,frozen_learned,BNCI2014008_loso,1,0.6420428571428571,0.6518571428571428,0.2702270941858019,0.284072688401924
B,mesae_tiny_static16_groupB_s1,frozen_learned,BNCI2014008_loso,2,0.6579571428571429,0.6548571428571428,0.2585841375432706,0.2400354295837024
B,mesae_tiny_static16_groupB_s1,frozen_learned,BNCI2014008_loso,3,0.7561285714285714,0.7614285714285715,0.3803083349412505,0.38607594936708856
B,mesae_tiny_static16_groupB_s1,frozen_learned,BNCI2014008_loso,4,0.6866571428571427,0.6908571428571428,0.28091605374837414,0.2904347826086957
B,mesae_tiny_static16_groupB_s1,frozen_learned,BNCI2014008_loso,5,0.7138,0.7145714285714286,0.32271994386166314,0.31317764804003334
B,mesae_tiny_static16_groupB_s1,frozen_learned,BNCI2014008_loso,6,0.6929142857142857,0.6970000000000001,0.3398207356703789,0.3449224612306153
B,mesae_tiny_static16_groupB_s1,frozen_learned,BNCI2014008_loso,7,0.6949,0.6944285714285714,0.38032849495979676,0.3741066520065971
B,mesae_tiny_static16_groupB_s1,frozen_learned,BNCI2014008_loso,8,0.7185571428571429,0.7045714285714286,0.3561523130753518,0.34160305343511443
AB,mesae_tiny_static16_groupAB_s1,frozen_learned,BNCI2014001_fewshot,1,0.483,0.47000000000000003,0.31066666666666665,0.29333333333333333
AB,mesae_tiny_static16_groupAB_s1,frozen_learned,BNCI2014001_fewshot,2,0.39999999999999997,0.38,0.2,0.17333333333333334
AB,mesae_tiny_static16_groupAB_s1,frozen_learned,BNCI2014001_fewshot,3,0.6209999999999999,0.6499999999999999,0.49466666666666664,0.5333333333333333
AB,mesae_tiny_static16_groupAB_s1,frozen_learned,BNCI2014001_fewshot,4,0.28500000000000003,0.295,0.04666666666666669,0.06000000000000005
AB,mesae_tiny_static16_groupAB_s1,frozen_learned,BNCI2014001_fewshot,5,0.4010000000000001,0.4,0.20133333333333336,0.19999999999999996
AB,mesae_tiny_static16_groupAB_s1,frozen_learned,BNCI2014001_fewshot,6,0.34750000000000003,0.375,0.12999999999999998,0.16666666666666663
AB,mesae_tiny_static16_groupAB_s1,frozen_learned,BNCI2014001_fewshot,7,0.48200000000000004,0.49,0.3093333333333333,0.31999999999999995
AB,mesae_tiny_static16_groupAB_s1,frozen_learned,BNCI2014001_fewshot,8,0.6085,0.5750000000000001,0.47800000000000004,0.43333333333333335
AB,mesae_tiny_static16_groupAB_s1,frozen_learned,BNCI2014001_fewshot,9,0.5155,0.5,0.35400000000000004,0.33333333333333337
AB,mesae_tiny_static16_groupAB_s1,frozen_learned,BNCI2014001_loso,1,0.579861111111111,0.5868055555555556,0.43981481481481477,0.44907407407407407
AB,mesae_tiny_static16_groupAB_s1,frozen_learned,BNCI2014001_loso,2,0.31319444444444444,0.3402777777777778,0.08425925925925924,0.12037037037037035
AB,mesae_tiny_static16_groupAB_s1,frozen_learned,BNCI2014001_loso,3,0.5145833333333333,0.5069444444444444,0.35277777777777775,0.34259259259259256
AB,mesae_tiny_static16_groupAB_s1,frozen_learned,BNCI2014001_loso,4,0.3805555555555556,0.3923611111111111,0.1740740740740741,0.18981481481481477
AB,mesae_tiny_static16_groupAB_s1,frozen_learned,BNCI2014001_loso,5,0.32673611111111106,0.3368055555555556,0.10231481481481482,0.1157407407407407
AB,mesae_tiny_static16_groupAB_s1,frozen_learned,BNCI2014001_loso,6,0.34930555555555554,0.3402777777777778,0.1324074074074074,0.12037037037037035
AB,mesae_tiny_static16_groupAB_s1,frozen_learned,BNCI2014001_loso,7,0.30208333333333337,0.2986111111111111,0.06944444444444443,0.06481481481481477
AB,mesae_tiny_static16_groupAB_s1,frozen_learned,BNCI2014001_loso,8,0.5125,0.5138888888888888,0.35,0.35185185185185186
AB,mesae_tiny_static16_groupAB_s1,frozen_learned,BNCI2014001_loso,9,0.5392361111111111,0.5416666666666667,0.38564814814814813,0.38888888888888884
AB,mesae_tiny_static16_groupAB_s1,frozen_learned,BNCI2014004_fewshot,1,0.6333333333333332,0.6190476190476191,0.2666666666666667,0.23809523809523814
AB,mesae_tiny_static16_groupAB_s1,frozen_learned,BNCI2014004_fewshot,2,0.4523809523809524,0.45238095238095233,-0.0952380952380953,-0.09523809523809534
AB,mesae_tiny_static16_groupAB_s1,frozen_learned,BNCI2014004_fewshot,3,0.5476190476190477,0.5476190476190477,0.09523809523809525,0.09523809523809523
AB,mesae_tiny_static16_groupAB_s1,frozen_learned,BNCI2014004_fewshot,4,0.7226190476190476,0.7261904761904763,0.44523809523809527,0.45238095238095233
AB,mesae_tiny_static16_groupAB_s1,frozen_learned,BNCI2014004_fewshot,5,0.6035714285714284,0.6428571428571428,0.20714285714285716,0.2857142857142857
AB,mesae_tiny_static16_groupAB_s1,frozen_learned,BNCI2014004_fewshot,6,0.55,0.5476190476190477,0.1,0.09523809523809523
AB,mesae_tiny_static16_groupAB_s1,frozen_learned,BNCI2014004_fewshot,7,0.47738095238095235,0.48809523809523814,-0.04523809523809523,-0.023809523809523725
AB,mesae_tiny_static16_groupAB_s1,frozen_learned,BNCI2014004_fewshot,8,0.6026785714285715,0.6160714285714286,0.20535714285714285,0.2321428571428571
AB,mesae_tiny_static16_groupAB_s1,frozen_learned,BNCI2014004_fewshot,9,0.5869047619047618,0.6071428571428571,0.1738095238095238,0.2142857142857143
AB,mesae_tiny_static16_groupAB_s1,frozen_learned,BNCI2014004_loso,1,0.5316666666666666,0.5333333333333333,0.06333333333333334,0.06666666666666665
AB,mesae_tiny_static16_groupAB_s1,frozen_learned,BNCI2014004_loso,2,0.47000000000000003,0.4833333333333333,-0.06000000000000003,-0.03333333333333344
AB,mesae_tiny_static16_groupAB_s1,frozen_learned,BNCI2014004_loso,3,0.4758333333333333,0.4666666666666667,-0.04833333333333336,-0.06666666666666665
AB,mesae_tiny_static16_groupAB_s1,frozen_learned,BNCI2014004_loso,4,0.5233333333333333,0.525,0.04666666666666669,0.050000000000000044
AB,mesae_tiny_static16_groupAB_s1,frozen_learned,BNCI2014004_loso,5,0.5566666666666668,0.5666666666666667,0.11333333333333333,0.1333333333333333
AB,mesae_tiny_static16_groupAB_s1,frozen_learned,BNCI2014004_loso,6,0.5183333333333333,0.5,0.03666666666666668,0.0
AB,mesae_tiny_static16_groupAB_s1,frozen_learned,BNCI2014004_loso,7,0.4875,0.4916666666666667,-0.025000000000000012,-0.016666666666666607
AB,mesae_tiny_static16_groupAB_s1,frozen_learned,BNCI2014004_loso,8,0.5474999999999999,0.5375,0.095,0.07499999999999996
AB,mesae_tiny_static16_groupAB_s1,frozen_learned,BNCI2014004_loso,9,0.5966666666666667,0.6,0.1933333333333333,0.19999999999999996
AB,mesae_tiny_static16_groupAB_s1,frozen_learned,BNCI2014008_fewshot,1,0.6830404419976613,0.6752309693486164,0.2850771680137049,0.2856145612333171
AB,mesae_tiny_static16_groupAB_s1,frozen_learned,BNCI2014008_fewshot,2,0.6184207720303976,0.6245304052790683,0.17798276592056247,0.17653327124730245
AB,mesae_tiny_static16_groupAB_s1,frozen_learned,BNCI2014008_fewshot,3,0.7425188520108306,0.7466045661232827,0.4263331684001301,0.43267157392991284
AB,mesae_tiny_static16_groupAB_s1,frozen_learned,BNCI2014008_fewshot,4,0.5425896765468957,0.5467820949104372,0.07854409549162766,0.07425045432023802
AB,mesae_tiny_static16_groupAB_s1,frozen_learned,BNCI2014008_fewshot,5,0.6856900578825713,0.6986078670570649,0.3079074786564253,0.29567292501120956
AB,mesae_tiny_static16_groupAB_s1,frozen_learned,BNCI2014008_fewshot,6,0.7086185602228383,0.7146450889766398,0.40415727829642734,0.40727363731966504
AB,mesae_tiny_static16_groupAB_s1,frozen_learned,BNCI2014008_fewshot,7,0.6170331366855432,0.6465908711898016,0.29723657401088666,0.3436709642469242
AB,mesae_tiny_static16_groupAB_s1,frozen_learned,BNCI2014008_fewshot,8,0.756790716149005,0.7772855125796303,0.47619263710027077,0.49338347477106237
AB,mesae_tiny_static16_groupAB_s1,frozen_learned,BNCI2014008_loso,1,0.6357571428571429,0.65,0.2810536875774803,0.2897350993377483
AB,mesae_tiny_static16_groupAB_s1,frozen_learned,BNCI2014008_loso,2,0.6565000000000001,0.6558571428571429,0.2621960090327385,0.2552643893308376
AB,mesae_tiny_static16_groupAB_s1,frozen_learned,BNCI2014008_loso,3,0.7612142857142857,0.7675714285714286,0.3867017501427716,0.39531447868298863
AB,mesae_tiny_static16_groupAB_s1,frozen_learned,BNCI2014008_loso,4,0.6872428571428572,0.6934285714285715,0.2898735234291595,0.3046804680468046
AB,mesae_tiny_static16_groupAB_s1,frozen_learned,BNCI2014008_loso,5,0.7189857142857143,0.7117142857142857,0.3209856158359548,0.29474940334128874
AB,mesae_tiny_static16_groupAB_s1,frozen_learned,BNCI2014008_loso,6,0.6995857142857143,0.7094285714285714,0.33179892587181037,0.34938036224976177
AB,mesae_tiny_static16_groupAB_s1,frozen_learned,BNCI2014008_loso,7,0.7040428571428572,0.7017142857142857,0.3826135279461793,0.3624229979466119
AB,mesae_tiny_static16_groupAB_s1,frozen_learned,BNCI2014008_loso,8,0.7125714285714286,0.6971428571428571,0.3402076916368851,0.3091397849462365
