group,backbone,head,cell,n_subjects,tail_mean,tail_sd,last_mean,last_sd,kappa_tail_mean,kappa_tail_sd,kappa_last_mean,kappa_last_sd
base,mesae_tiny_static16_base_s1,frozen_learned,BNCI2014001_fewshot,9,0.4391666666666667,0.10967850746613939,0.44722222222222224,0.10365541203644142,0.25222222222222224,0.14623800995485256,0.26296296296296295,0.13820721604858857
base,mesae_tiny_static16_base_s1,frozen_learned,BNCI2014001_loso,9,0.40173611111111107,0.12936521012491567,0.3931327160493827,0.11652368286555663,0.2023148148148148,0.17248694683322086,0.190843621399177,0.15536491048740883
base,mesae_tiny_static16_base_s1,frozen_learned,BNCI2014004_fewshot,9,0.571660052910053,0.10087022346053161,0.5793650793650793,0.10083972825057988,0.14332010582010582,0.20174044692106313,0.15873015873015872,0.20167945650115968
base,mesae_tiny_static16_base_s1,frozen_learned,BNCI2014004_loso,9,0.5483564814814815,0.04443711962209795,0.5511574074074074,0.03840221267416249,0.09671296296296296,0.0888742392441959,0.1023148148148148,0.07680442534832495
base,mesae_tiny_static16_base_s1,frozen_learned,BNCI2014008_fewshot,8,0.6515580324069629,0.08080031934449194,0.6567646022859926,0.08502879898811595,0.2796912968561526,0.15494522292418614,0.2834442857464959,0.1607296080241177
base,mesae_tiny_static16_base_s1,frozen_learned,BNCI2014008_loso,8,0.6917392857142857,0.03780208221546887,0.6972142857142858,0.03504033494255293,0.3171543014684254,0.04677467903895497,0.31369381569845894,0.042086311900788466
A,mesae_tiny_static16_groupA_s1,frozen_learned,BNCI2014001_fewshot,9,0.44900000000000007,0.10263558106231971,0.47111111111111115,0.1018202392017968,0.2653333333333333,0.13684744141642627,0.2948148148148148,0.135760318935729
A,mesae_tiny_static16_groupA_s1,frozen_learned,BNCI2014001_loso,9,0.4004243827160494,0.08339060130350186,0.3985339506172839,0.07904126615238755,0.20056584362139918,0.11118746840466912,0.19804526748971193,0.10538835486985007
A,mesae_tiny_static16_groupA_s1,frozen_learned,BNCI2014004_fewshot,9,0.5708994708994708,0.09162242112281331,0.5750661375661376,0.09599976510637256,0.1417989417989418,0.18324484224562665,0.15013227513227514,0.19199953021274516
A,mesae_tiny_static16_groupA_s1,frozen_learned,BNCI2014004_loso,9,0.5449305555555556,0.04321046282119902,0.5502314814814814,0.04483336775435829,0.08986111111111111,0.08642092564239802,0.10046296296296295,0.08966673550871652
A,mesae_tiny_static16_groupA_s1,frozen_learned,BNCI2014008_fewshot,8,0.6708003425249415,0.07763441760764649,0.6782279678335827,0.07991489282794749,0.30968820311740797,0.14135905474312174,0.3112905085785972,0.14297668456753218
A,mesae_tiny_static16_groupA_s1,frozen_learned,BNCI2014008_loso,8,0.7005517857142857,0.03615423547402668,0.7001428571428572,0.03719133414220264,0.32788476816750645,0.04346700821682677,0.32161248010254273,0.0441750861852807
B,mesae_tiny_static16_groupB_s1,frozen_learned,BNCI2014001_fewshot,9,0.43116666666666664,0.0991693627084494,0.44166666666666665,0.10520812706250404,0.2415555555555556,0.13222581694459926,0.25555555555555554,0.14027750275000542
B,mesae_tiny_static16_groupB_s1,frozen_learned,BNCI2014001_loso,9,0.3856095679012345,0.09605043329989224,0.3842592592592593,0.08722122699361438,0.1808127572016461,0.12806724439985634,0.17901234567901234,0.11629496932481916
B,mesae_tiny_static16_groupB_s1,frozen_learned,BNCI2014004_fewshot,9,0.5688161375661376,0.12245005563481179,0.5767195767195766,0.12656490820489727,0.13763227513227513,0.2449001112696236,0.15343915343915343,0.2531298164097946
B,mesae_tiny_static16_groupB_s1,frozen_learned,BNCI2014004_loso,9,0.5537500000000001,0.03924416092448235,0.5537037037037038,0.037525711350295275,0.1075,0.07848832184896466,0.10740740740740741,0.07505142270059052
B,mesae_tiny_static16_groupB_s1,frozen_learned,BNCI2014008_fewshot,8,0.6675691373050998,0.07518918992898918,0.6790430627329024,0.07571812704990653,0.3033354221570308,0.13265935948381558,0.3111916004363845,0.13535102316627456
B,mesae_tiny_static16_groupB_s1,frozen_learned,BNCI2014008_loso,8,0.6953696428571428,0.03564624574910842,0.6961964285714286,0.03457951815456299,0.323632138498236,0.04877812403974045,0.32180358308422136,0.04922413661477826
AB,mesae_tiny_static16_groupAB_s1,frozen_learned,BNCI2014001_fewshot,9,0.46038888888888896,0.1131522143447096,0.45944444444444443,0.10975667532217699,0.2805185185185185,0.15086961912627952,0.27925925925925926,0.14634223376290267
AB,mesae_tiny_static16_groupAB_s1,frozen_learned,BNCI2014001_loso,9,0.4242283950617284,0.11049754334297968,0.4286265432098766,0.10808753821091126,0.23230452674897117,0.14733005779063957,0.23816872427983535,0.14411671761454833
AB,mesae_tiny_static16_groupAB_s1,frozen_learned,BNCI2014004_fewshot,9,0.5751653439153439,0.08128475718387128,0.5830026455026455,0.08339236382407743,0.15033068783068784,0.16256951436774264,0.16600529100529102,0.16678472764815486
AB,mesae_tiny_static16_groupAB_s1,frozen_learned,BNCI2014004_loso,9,0.5230555555555556,0.041157303253628166,0.522685185185185,0.042446407749822564,0.04611111111111111,0.08231460650725632,0.04537037037037036,0.08489281549964513
AB,mesae_tiny_static16_groupAB_s1,frozen_learned,BNCI2014008_fewshot,8,0.6693377766907178,0.07210609654847903,0.6787846719330677,0.07309304992429572,0.3066788957362544,0.1318655001739297,0.31363385775995395,0.13802649824076124
AB,mesae_tiny_static16_groupAB_s1,frozen_learned,BNCI2014008_loso,8,0.6969875,0.03852965722857657,0.6983571428571429,0.03639722540926314,0.32442884143412243,0.045555175913566726,0.3200858729852848,0.045406130186107535
